Condition,Mean paired change (px),SD paired change (px),Paired t-test p-value,One-sided Wilcoxon p-value,Runs increased / total
Mild Gaussian Blur,0.9543761838144302,0.536776719052978,0.016460444443090434,0.03125,5/5
Strong Gaussian Blur,7.072355868361564,1.0703664002908488,0.00012216202493233003,0.03125,5/5
Gaussian Noise,31.971236188510705,32.5785687142878,0.09323491219057466,0.03125,5/5
Brightness,0.9653251044542973,0.9229152368502015,0.07948090305356119,0.0625,4/5
Contrast,0.1135469236771586,0.15338631296714833,0.17320802623096385,0.0625,4/5
Central Occlusion,47.16257961043334,6.909116857280391,0.00010744472487707384,0.03125,5/5
